formula,target
LaCoSi3_30,-0.684570181
CsV2S2O_31,-1.559203024
MgSi2_32,0.144226899
Mg5Si6_33,0.109139946
Mg5Si6_34,0.086997594
