formula,target
LaCoSi3,-0.684570181
CsV2S2O,-1.559203024
MgSi2,0.144226899
Mg5Si6,0.109139946
Mg5Si6,0.086997594
